request_id,employee_id,request_date,request_type,decision,reason,before_status,after_status,before_shift_code,after_shift_code
REQ-005,CLE,2026-02-27,FOLGA_ON_DATE,REJECTED,WEEKLY_DELTA_LIMIT_EXCEEDED,WORK,FOLGA,CAI1,
REQ-006,ANJ,2026-03-03,SHIFT_CHANGE_ON_DATE,APPROVED,OK,WORK,WORK,CAI3,CAI2
REQ-001,GAB,2026-02-15,AVOID_SUNDAY_DATE,REJECTED,SUNDAY_COVERAGE_BROKEN,WORK,FOLGA,DOM_08_12_30,
REQ-003,ALI,2026-02-11,FOLGA_ON_DATE,REJECTED,WEEKLY_DELTA_LIMIT_EXCEEDED,WORK,FOLGA,CAI5,
REQ-004,MAY,2026-02-24,SHIFT_CHANGE_ON_DATE,APPROVED,OK,WORK,WORK,CAI4,CAI6
REQ-002,HEL,2026-02-17,SHIFT_CHANGE_ON_DATE,APPROVED,OK,WORK,WORK,CAI6,CAI5
